case	log
src/20080519-1.c	/workspaces/c4c/build/rv64_gcc_c_torture_backend/src_20080519-1.c/case.log
src/pr78438.c	/workspaces/c4c/build/rv64_gcc_c_torture_backend/src_pr78438.c/case.log
src/20000113-1.c	/workspaces/c4c/build/rv64_gcc_c_torture_backend/src_20000113-1.c/case.log
src/20000121-1.c	/workspaces/c4c/build/rv64_gcc_c_torture_backend/src_20000121-1.c/case.log
src/20000422-1.c	/workspaces/c4c/build/rv64_gcc_c_torture_backend/src_20000422-1.c/case.log
src/20000528-1.c	/workspaces/c4c/build/rv64_gcc_c_torture_backend/src_20000528-1.c/case.log
src/20000717-3.c	/workspaces/c4c/build/rv64_gcc_c_torture_backend/src_20000717-3.c/case.log
src/20000801-2.c	/workspaces/c4c/build/rv64_gcc_c_torture_backend/src_20000801-2.c/case.log
src/20000808-1.c	/workspaces/c4c/build/rv64_gcc_c_torture_backend/src_20000808-1.c/case.log
src/20000914-1.c	/workspaces/c4c/build/rv64_gcc_c_torture_backend/src_20000914-1.c/case.log
src/20001017-2.c	/workspaces/c4c/build/rv64_gcc_c_torture_backend/src_20001017-2.c/case.log
src/20001130-2.c	/workspaces/c4c/build/rv64_gcc_c_torture_backend/src_20001130-2.c/case.log
src/20010224-1.c	/workspaces/c4c/build/rv64_gcc_c_torture_backend/src_20010224-1.c/case.log
src/20011219-1.c	/workspaces/c4c/build/rv64_gcc_c_torture_backend/src_20011219-1.c/case.log
src/20020129-1.c	/workspaces/c4c/build/rv64_gcc_c_torture_backend/src_20020129-1.c/case.log
src/20020201-1.c	/workspaces/c4c/build/rv64_gcc_c_torture_backend/src_20020201-1.c/case.log
src/20020216-1.c	/workspaces/c4c/build/rv64_gcc_c_torture_backend/src_20020216-1.c/case.log
src/20020226-1.c	/workspaces/c4c/build/rv64_gcc_c_torture_backend/src_20020226-1.c/case.log
src/20020402-1.c	/workspaces/c4c/build/rv64_gcc_c_torture_backend/src_20020402-1.c/case.log
src/20020506-1.c	/workspaces/c4c/build/rv64_gcc_c_torture_backend/src_20020506-1.c/case.log
src/20020508-1.c	/workspaces/c4c/build/rv64_gcc_c_torture_backend/src_20020508-1.c/case.log
src/20020508-2.c	/workspaces/c4c/build/rv64_gcc_c_torture_backend/src_20020508-2.c/case.log
src/20020508-3.c	/workspaces/c4c/build/rv64_gcc_c_torture_backend/src_20020508-3.c/case.log
src/20020510-1.c	/workspaces/c4c/build/rv64_gcc_c_torture_backend/src_20020510-1.c/case.log
src/20030105-1.c	/workspaces/c4c/build/rv64_gcc_c_torture_backend/src_20030105-1.c/case.log
src/20040218-1.c	/workspaces/c4c/build/rv64_gcc_c_torture_backend/src_20040218-1.c/case.log
src/20040309-1.c	/workspaces/c4c/build/rv64_gcc_c_torture_backend/src_20040309-1.c/case.log
src/20040629-1.c	/workspaces/c4c/build/rv64_gcc_c_torture_backend/src_20040629-1.c/case.log
src/20040705-1.c	/workspaces/c4c/build/rv64_gcc_c_torture_backend/src_20040705-1.c/case.log
src/20040705-2.c	/workspaces/c4c/build/rv64_gcc_c_torture_backend/src_20040705-2.c/case.log
src/20041114-1.c	/workspaces/c4c/build/rv64_gcc_c_torture_backend/src_20041114-1.c/case.log
src/20050106-1.c	/workspaces/c4c/build/rv64_gcc_c_torture_backend/src_20050106-1.c/case.log
src/20050125-1.c	/workspaces/c4c/build/rv64_gcc_c_torture_backend/src_20050125-1.c/case.log
src/20050215-1.c	/workspaces/c4c/build/rv64_gcc_c_torture_backend/src_20050215-1.c/case.log
src/20050502-1.c	/workspaces/c4c/build/rv64_gcc_c_torture_backend/src_20050502-1.c/case.log
src/20051012-1.c	/workspaces/c4c/build/rv64_gcc_c_torture_backend/src_20051012-1.c/case.log
src/20060102-1.c	/workspaces/c4c/build/rv64_gcc_c_torture_backend/src_20060102-1.c/case.log
src/20060905-1.c	/workspaces/c4c/build/rv64_gcc_c_torture_backend/src_20060905-1.c/case.log
src/20060910-1.c	/workspaces/c4c/build/rv64_gcc_c_torture_backend/src_20060910-1.c/case.log
src/20061101-1.c	/workspaces/c4c/build/rv64_gcc_c_torture_backend/src_20061101-1.c/case.log
src/20061101-2.c	/workspaces/c4c/build/rv64_gcc_c_torture_backend/src_20061101-2.c/case.log
src/20070212-1.c	/workspaces/c4c/build/rv64_gcc_c_torture_backend/src_20070212-1.c/case.log
src/20070212-3.c	/workspaces/c4c/build/rv64_gcc_c_torture_backend/src_20070212-3.c/case.log
src/20080719-1.c	/workspaces/c4c/build/rv64_gcc_c_torture_backend/src_20080719-1.c/case.log
src/20080813-1.c	/workspaces/c4c/build/rv64_gcc_c_torture_backend/src_20080813-1.c/case.log
src/20100316-1.c	/workspaces/c4c/build/rv64_gcc_c_torture_backend/src_20100316-1.c/case.log
src/20100416-1.c	/workspaces/c4c/build/rv64_gcc_c_torture_backend/src_20100416-1.c/case.log
src/20120427-1.c	/workspaces/c4c/build/rv64_gcc_c_torture_backend/src_20120427-1.c/case.log
src/20120427-2.c	/workspaces/c4c/build/rv64_gcc_c_torture_backend/src_20120427-2.c/case.log
src/20170419-1.c	/workspaces/c4c/build/rv64_gcc_c_torture_backend/src_20170419-1.c/case.log
src/20171008-1.c	/workspaces/c4c/build/rv64_gcc_c_torture_backend/src_20171008-1.c/case.log
src/920501-9.c	/workspaces/c4c/build/rv64_gcc_c_torture_backend/src_920501-9.c/case.log
src/920603-1.c	/workspaces/c4c/build/rv64_gcc_c_torture_backend/src_920603-1.c/case.log
src/920721-1.c	/workspaces/c4c/build/rv64_gcc_c_torture_backend/src_920721-1.c/case.log
src/920721-3.c	/workspaces/c4c/build/rv64_gcc_c_torture_backend/src_920721-3.c/case.log
src/920908-2.c	/workspaces/c4c/build/rv64_gcc_c_torture_backend/src_920908-2.c/case.log
src/921204-1.c	/workspaces/c4c/build/rv64_gcc_c_torture_backend/src_921204-1.c/case.log
src/921218-2.c	/workspaces/c4c/build/rv64_gcc_c_torture_backend/src_921218-2.c/case.log
src/930429-1.c	/workspaces/c4c/build/rv64_gcc_c_torture_backend/src_930429-1.c/case.log
src/930603-3.c	/workspaces/c4c/build/rv64_gcc_c_torture_backend/src_930603-3.c/case.log
src/930713-1.c	/workspaces/c4c/build/rv64_gcc_c_torture_backend/src_930713-1.c/case.log
src/930718-1.c	/workspaces/c4c/build/rv64_gcc_c_torture_backend/src_930718-1.c/case.log
src/931005-1.c	/workspaces/c4c/build/rv64_gcc_c_torture_backend/src_931005-1.c/case.log
src/931017-1.c	/workspaces/c4c/build/rv64_gcc_c_torture_backend/src_931017-1.c/case.log
src/931031-1.c	/workspaces/c4c/build/rv64_gcc_c_torture_backend/src_931031-1.c/case.log
src/931110-1.c	/workspaces/c4c/build/rv64_gcc_c_torture_backend/src_931110-1.c/case.log
src/950511-1.c	/workspaces/c4c/build/rv64_gcc_c_torture_backend/src_950511-1.c/case.log
src/950710-1.c	/workspaces/c4c/build/rv64_gcc_c_torture_backend/src_950710-1.c/case.log
src/960209-1.c	/workspaces/c4c/build/rv64_gcc_c_torture_backend/src_960209-1.c/case.log
src/960311-2.c	/workspaces/c4c/build/rv64_gcc_c_torture_backend/src_960311-2.c/case.log
src/960317-1.c	/workspaces/c4c/build/rv64_gcc_c_torture_backend/src_960317-1.c/case.log
src/960321-1.c	/workspaces/c4c/build/rv64_gcc_c_torture_backend/src_960321-1.c/case.log
src/960801-1.c	/workspaces/c4c/build/rv64_gcc_c_torture_backend/src_960801-1.c/case.log
src/980424-1.c	/workspaces/c4c/build/rv64_gcc_c_torture_backend/src_980424-1.c/case.log
src/980617-1.c	/workspaces/c4c/build/rv64_gcc_c_torture_backend/src_980617-1.c/case.log
src/981001-1.c	/workspaces/c4c/build/rv64_gcc_c_torture_backend/src_981001-1.c/case.log
src/990106-1.c	/workspaces/c4c/build/rv64_gcc_c_torture_backend/src_990106-1.c/case.log
src/990127-1.c	/workspaces/c4c/build/rv64_gcc_c_torture_backend/src_990127-1.c/case.log
src/990324-1.c	/workspaces/c4c/build/rv64_gcc_c_torture_backend/src_990324-1.c/case.log
src/990326-1.c	/workspaces/c4c/build/rv64_gcc_c_torture_backend/src_990326-1.c/case.log
src/990404-1.c	/workspaces/c4c/build/rv64_gcc_c_torture_backend/src_990404-1.c/case.log
src/990524-1.c	/workspaces/c4c/build/rv64_gcc_c_torture_backend/src_990524-1.c/case.log
src/990811-1.c	/workspaces/c4c/build/rv64_gcc_c_torture_backend/src_990811-1.c/case.log
src/991216-1.c	/workspaces/c4c/build/rv64_gcc_c_torture_backend/src_991216-1.c/case.log
src/bf64-1.c	/workspaces/c4c/build/rv64_gcc_c_torture_backend/src_bf64-1.c/case.log
src/bf-pack-1.c	/workspaces/c4c/build/rv64_gcc_c_torture_backend/src_bf-pack-1.c/case.log
src/cmpsi-1.c	/workspaces/c4c/build/rv64_gcc_c_torture_backend/src_cmpsi-1.c/case.log
src/cmpsi-2.c	/workspaces/c4c/build/rv64_gcc_c_torture_backend/src_cmpsi-2.c/case.log
src/divmod-1.c	/workspaces/c4c/build/rv64_gcc_c_torture_backend/src_divmod-1.c/case.log
src/index-1.c	/workspaces/c4c/build/rv64_gcc_c_torture_backend/src_index-1.c/case.log
src/loop-14.c	/workspaces/c4c/build/rv64_gcc_c_torture_backend/src_loop-14.c/case.log
src/loop-1.c	/workspaces/c4c/build/rv64_gcc_c_torture_backend/src_loop-1.c/case.log
src/loop-2c.c	/workspaces/c4c/build/rv64_gcc_c_torture_backend/src_loop-2c.c/case.log
src/loop-2d.c	/workspaces/c4c/build/rv64_gcc_c_torture_backend/src_loop-2d.c/case.log
src/loop-2g.c	/workspaces/c4c/build/rv64_gcc_c_torture_backend/src_loop-2g.c/case.log
src/loop-ivopts-2.c	/workspaces/c4c/build/rv64_gcc_c_torture_backend/src_loop-ivopts-2.c/case.log
src/mode-dependent-address.c	/workspaces/c4c/build/rv64_gcc_c_torture_backend/src_mode-dependent-address.c/case.log
src/pr16790-1.c	/workspaces/c4c/build/rv64_gcc_c_torture_backend/src_pr16790-1.c/case.log
src/pr19005.c	/workspaces/c4c/build/rv64_gcc_c_torture_backend/src_pr19005.c/case.log
src/pr19689.c	/workspaces/c4c/build/rv64_gcc_c_torture_backend/src_pr19689.c/case.log
src/pr20100-1.c	/workspaces/c4c/build/rv64_gcc_c_torture_backend/src_pr20100-1.c/case.log
src/pr20527-1.c	/workspaces/c4c/build/rv64_gcc_c_torture_backend/src_pr20527-1.c/case.log
src/pr22429.c	/workspaces/c4c/build/rv64_gcc_c_torture_backend/src_pr22429.c/case.log
src/pr23604.c	/workspaces/c4c/build/rv64_gcc_c_torture_backend/src_pr23604.c/case.log
src/pr25125.c	/workspaces/c4c/build/rv64_gcc_c_torture_backend/src_pr25125.c/case.log
src/pr27285.c	/workspaces/c4c/build/rv64_gcc_c_torture_backend/src_pr27285.c/case.log
src/pr29695-1.c	/workspaces/c4c/build/rv64_gcc_c_torture_backend/src_pr29695-1.c/case.log
src/pr29695-2.c	/workspaces/c4c/build/rv64_gcc_c_torture_backend/src_pr29695-2.c/case.log
src/pr31169.c	/workspaces/c4c/build/rv64_gcc_c_torture_backend/src_pr31169.c/case.log
src/pr34176.c	/workspaces/c4c/build/rv64_gcc_c_torture_backend/src_pr34176.c/case.log
src/pr35163.c	/workspaces/c4c/build/rv64_gcc_c_torture_backend/src_pr35163.c/case.log
src/pr35800.c	/workspaces/c4c/build/rv64_gcc_c_torture_backend/src_pr35800.c/case.log
src/pr36339.c	/workspaces/c4c/build/rv64_gcc_c_torture_backend/src_pr36339.c/case.log
src/pr37924.c	/workspaces/c4c/build/rv64_gcc_c_torture_backend/src_pr37924.c/case.log
src/pr39240.c	/workspaces/c4c/build/rv64_gcc_c_torture_backend/src_pr39240.c/case.log
src/pr40386.c	/workspaces/c4c/build/rv64_gcc_c_torture_backend/src_pr40386.c/case.log
src/pr41395-2.c	/workspaces/c4c/build/rv64_gcc_c_torture_backend/src_pr41395-2.c/case.log
src/pr42142.c	/workspaces/c4c/build/rv64_gcc_c_torture_backend/src_pr42142.c/case.log
src/pr42154.c	/workspaces/c4c/build/rv64_gcc_c_torture_backend/src_pr42154.c/case.log
src/pr42512.c	/workspaces/c4c/build/rv64_gcc_c_torture_backend/src_pr42512.c/case.log
src/pr42544.c	/workspaces/c4c/build/rv64_gcc_c_torture_backend/src_pr42544.c/case.log
src/pr43560.c	/workspaces/c4c/build/rv64_gcc_c_torture_backend/src_pr43560.c/case.log
src/pr43835.c	/workspaces/c4c/build/rv64_gcc_c_torture_backend/src_pr43835.c/case.log
src/pr47155.c	/workspaces/c4c/build/rv64_gcc_c_torture_backend/src_pr47155.c/case.log
src/pr47299.c	/workspaces/c4c/build/rv64_gcc_c_torture_backend/src_pr47299.c/case.log
src/pr47337.c	/workspaces/c4c/build/rv64_gcc_c_torture_backend/src_pr47337.c/case.log
src/pr48197.c	/workspaces/c4c/build/rv64_gcc_c_torture_backend/src_pr48197.c/case.log
src/pr48717.c	/workspaces/c4c/build/rv64_gcc_c_torture_backend/src_pr48717.c/case.log
src/pr49073.c	/workspaces/c4c/build/rv64_gcc_c_torture_backend/src_pr49073.c/case.log
src/pr51023.c	/workspaces/c4c/build/rv64_gcc_c_torture_backend/src_pr51023.c/case.log
src/pr51466.c	/workspaces/c4c/build/rv64_gcc_c_torture_backend/src_pr51466.c/case.log
src/pr53084.c	/workspaces/c4c/build/rv64_gcc_c_torture_backend/src_pr53084.c/case.log
src/pr53160.c	/workspaces/c4c/build/rv64_gcc_c_torture_backend/src_pr53160.c/case.log
src/pr56799.c	/workspaces/c4c/build/rv64_gcc_c_torture_backend/src_pr56799.c/case.log
src/pr57124.c	/workspaces/c4c/build/rv64_gcc_c_torture_backend/src_pr57124.c/case.log
src/pr57130.c	/workspaces/c4c/build/rv64_gcc_c_torture_backend/src_pr57130.c/case.log
src/pr57131.c	/workspaces/c4c/build/rv64_gcc_c_torture_backend/src_pr57131.c/case.log
src/pr57860.c	/workspaces/c4c/build/rv64_gcc_c_torture_backend/src_pr57860.c/case.log
src/pr57876.c	/workspaces/c4c/build/rv64_gcc_c_torture_backend/src_pr57876.c/case.log
src/pr58570.c	/workspaces/c4c/build/rv64_gcc_c_torture_backend/src_pr58570.c/case.log
src/pr58640-2.c	/workspaces/c4c/build/rv64_gcc_c_torture_backend/src_pr58640-2.c/case.log
src/pr58726.c	/workspaces/c4c/build/rv64_gcc_c_torture_backend/src_pr58726.c/case.log
src/pr58831.c	/workspaces/c4c/build/rv64_gcc_c_torture_backend/src_pr58831.c/case.log
src/pr59014-2.c	/workspaces/c4c/build/rv64_gcc_c_torture_backend/src_pr59014-2.c/case.log
src/pr59221.c	/workspaces/c4c/build/rv64_gcc_c_torture_backend/src_pr59221.c/case.log
src/pr59747.c	/workspaces/c4c/build/rv64_gcc_c_torture_backend/src_pr59747.c/case.log
src/pr61306-2.c	/workspaces/c4c/build/rv64_gcc_c_torture_backend/src_pr61306-2.c/case.log
src/pr61517.c	/workspaces/c4c/build/rv64_gcc_c_torture_backend/src_pr61517.c/case.log
src/pr61673.c	/workspaces/c4c/build/rv64_gcc_c_torture_backend/src_pr61673.c/case.log
src/pr62151.c	/workspaces/c4c/build/rv64_gcc_c_torture_backend/src_pr62151.c/case.log
src/pr63302.c	/workspaces/c4c/build/rv64_gcc_c_torture_backend/src_pr63302.c/case.log
src/pr63659.c	/workspaces/c4c/build/rv64_gcc_c_torture_backend/src_pr63659.c/case.log
src/pr64260.c	/workspaces/c4c/build/rv64_gcc_c_torture_backend/src_pr64260.c/case.log
src/pr64718.c	/workspaces/c4c/build/rv64_gcc_c_torture_backend/src_pr64718.c/case.log
src/pr64957.c	/workspaces/c4c/build/rv64_gcc_c_torture_backend/src_pr64957.c/case.log
src/pr65215-2.c	/workspaces/c4c/build/rv64_gcc_c_torture_backend/src_pr65215-2.c/case.log
src/pr65215-3.c	/workspaces/c4c/build/rv64_gcc_c_torture_backend/src_pr65215-3.c/case.log
src/pr65215-5.c	/workspaces/c4c/build/rv64_gcc_c_torture_backend/src_pr65215-5.c/case.log
src/pr66187.c	/workspaces/c4c/build/rv64_gcc_c_torture_backend/src_pr66187.c/case.log
src/pr68185.c	/workspaces/c4c/build/rv64_gcc_c_torture_backend/src_pr68185.c/case.log
src/pr68376-2.c	/workspaces/c4c/build/rv64_gcc_c_torture_backend/src_pr68376-2.c/case.log
src/pr68506.c	/workspaces/c4c/build/rv64_gcc_c_torture_backend/src_pr68506.c/case.log
src/pr68532.c	/workspaces/c4c/build/rv64_gcc_c_torture_backend/src_pr68532.c/case.log
src/pr78378.c	/workspaces/c4c/build/rv64_gcc_c_torture_backend/src_pr78378.c/case.log
src/pr78477.c	/workspaces/c4c/build/rv64_gcc_c_torture_backend/src_pr78477.c/case.log
src/pr78559.c	/workspaces/c4c/build/rv64_gcc_c_torture_backend/src_pr78559.c/case.log
src/pr78586.c	/workspaces/c4c/build/rv64_gcc_c_torture_backend/src_pr78586.c/case.log
src/pr79450.c	/workspaces/c4c/build/rv64_gcc_c_torture_backend/src_pr79450.c/case.log
src/pr81281.c	/workspaces/c4c/build/rv64_gcc_c_torture_backend/src_pr81281.c/case.log
src/pr82192.c	/workspaces/c4c/build/rv64_gcc_c_torture_backend/src_pr82192.c/case.log
src/pr83269.c	/workspaces/c4c/build/rv64_gcc_c_torture_backend/src_pr83269.c/case.log
src/pr85529-1.c	/workspaces/c4c/build/rv64_gcc_c_torture_backend/src_pr85529-1.c/case.log
src/pr85582-2.c	/workspaces/c4c/build/rv64_gcc_c_torture_backend/src_pr85582-2.c/case.log
src/pr85582-3.c	/workspaces/c4c/build/rv64_gcc_c_torture_backend/src_pr85582-3.c/case.log
src/pr87623.c	/workspaces/c4c/build/rv64_gcc_c_torture_backend/src_pr87623.c/case.log
src/pr89195.c	/workspaces/c4c/build/rv64_gcc_c_torture_backend/src_pr89195.c/case.log
src/shiftopt-1.c	/workspaces/c4c/build/rv64_gcc_c_torture_backend/src_shiftopt-1.c/case.log
src/strcmp-1.c	/workspaces/c4c/build/rv64_gcc_c_torture_backend/src_strcmp-1.c/case.log
src/strct-pack-3.c	/workspaces/c4c/build/rv64_gcc_c_torture_backend/src_strct-pack-3.c/case.log
src/strncmp-1.c	/workspaces/c4c/build/rv64_gcc_c_torture_backend/src_strncmp-1.c/case.log
src/struct-ini-3.c	/workspaces/c4c/build/rv64_gcc_c_torture_backend/src_struct-ini-3.c/case.log
src/usmul.c	/workspaces/c4c/build/rv64_gcc_c_torture_backend/src_usmul.c/case.log
src/vrp-6.c	/workspaces/c4c/build/rv64_gcc_c_torture_backend/src_vrp-6.c/case.log
